{"gpslat":-23.4686558,"gpslong":-46.523552,"timestamp":1603818605}
